<?xml version="1.0" encoding="utf-8"?>
<ArrayOfAlarm xmlns:xsi="http://www.w3.org/2001/XMLSchema-instance" xmlns:xsd="http://www.w3.org/2001/XMLSchema">
  <Alarm>
    <Message>FOOD!</Message>
    <MusicFile>C:\Users\User\Desktop\Custom MEOWtivator\кастомизация\7 - Eyeshadow 2600 FM - #NotAllCannibals.mp3</MusicFile>
    <ImageFile>C:\Users\User\Desktop\Custom MEOWtivator\кастомизация\888.gif</ImageFile>
    <TimeAlarm>2021-10-24T16:45:00</TimeAlarm>
    <IsEnabled>true</IsEnabled>
  </Alarm>
  <Alarm>
    <Message>hiiiiiiiii</Message>
    <MusicFile>C:\Users\User\Desktop\Custom MEOWtivator\кастомизация\7 - Eyeshadow 2600 FM - #NotAllCannibals.mp3</MusicFile>
    <ImageFile>C:\Users\User\Desktop\Custom MEOWtivator\кастомизация\tenor.gif</ImageFile>
    <TimeAlarm>2022-03-01T23:09:00</TimeAlarm>
    <IsEnabled>true</IsEnabled>
  </Alarm>
  <Alarm>
    <Message>uuuu</Message>
    <MusicFile>C:\Users\User\Desktop\Custom MEOWtivator\кастомизация\7 - Eyeshadow 2600 FM - #NotAllCannibals.mp3</MusicFile>
    <ImageFile>C:\Users\User\Desktop\Custom MEOWtivator\кастомизация\777.gif</ImageFile>
    <TimeAlarm>2022-03-01T23:15:00</TimeAlarm>
    <IsEnabled>true</IsEnabled>
  </Alarm>
</ArrayOfAlarm>